{"cameraMode":{"drawMode":0,"name":"Shaded","section":"Shading Mode"},"sceneLighting":false,"audioPlay":false,"sceneViewState":{"showFog":true,"showMaterialUpdate":true,"showSkybox":false,"showFlares":true,"showImageEffects":true,"showParticleSystems":true},"in2DMode":false,"pivot":{"x":1.2238816022872925,"y":0.10703635215759278,"z":-1.5754772424697877},"rotation":{"x":0.05569646507501602,"y":0.9438381195068359,"z":-0.21454381942749024,"w":0.24502749741077424},"size":3.628359317779541,"orthographic":false}