{"cameraMode":{"drawMode":0,"name":"Shaded","section":"Shading Mode"},"sceneLighting":true,"audioPlay":false,"sceneViewState":{"showFog":true,"showMaterialUpdate":true,"showSkybox":true,"showFlares":true,"showImageEffects":true,"showParticleSystems":true},"in2DMode":false,"pivot":{"x":1.3350520133972169,"y":3.2179300785064699,"z":4.081517219543457},"rotation":{"x":-0.054440345615148547,"y":-0.8868811726570129,"z":0.10830412060022354,"w":-0.445811927318573},"size":3.279574394226074,"orthographic":false}