{"cameraMode":{"drawMode":0,"name":"Shaded","section":"Shading Mode"},"sceneLighting":true,"audioPlay":false,"sceneViewState":{"showFog":true,"showMaterialUpdate":true,"showSkybox":true,"showFlares":true,"showImageEffects":true,"showParticleSystems":true},"in2DMode":false,"pivot":{"x":6.740785121917725,"y":1.1712641716003419,"z":4.245813369750977},"rotation":{"x":0.10887236148118973,"y":0.7736976742744446,"z":-0.1384117305278778,"w":0.6085892915725708},"size":0.5894752144813538,"orthographic":false}